country,1990,1991,1992,1993,1994,1995,1996,1997,1998,1999,2000,2001,2002,2003,2004,2005,2006,2007,2008,2009,2010,2011,2012,2013,2014,2015,2016,2017,2018,2019
Afghanistan,351,356,362,369,374,377,379,382,384,386,388,392,394,398,402,406,410,416,422,429,435,442,450,458,466,473,483,494,503,505
Angola,286,295,305,316,325,333,341,352,367,383,396,409,422,439,459,476,496,510,527,549,577,609,645,677,705,744,778,818,869,910
Albania,142,144,144,145,144,151,162,171,176,183,192,195,206,219,227,230,229,233,245,256,269,281,292,304,322,343,355,366,376,387
Andorra,4.95,5.37,5.8,6.32,6.77,7.14,7.52,7.89,8.25,8.61,9.01,9.36,9.75,10.2,10.6,10.9,11.3,11.7,12.1,12.5,12.9,12.8,12.7,13,13.2,13.4,13.7,14,14.4,14.7
UAE,14.6,15.9,17.3,18.7,20.9,22.4,23.7,23.9,25.1,26.7,29.4,31.1,32.9,34.4,36.4,38.8,40.9,40.7,43.6,47.7,52,56.9,62.3,68.8,75.6,83.2,92.3,102,114,127
Argentina,3510,3620,3750,3890,4040,4230,4430,4660,4900,5040,5150,5250,5370,5490,5560,5600,5690,5760,5750,5760,5830,5810,5830,5830,5840,5930,6040,6150,6220,6370
Armenia,98.3,101,107,113,115,119,125,130,138,148,158,168,179,189,194,204,213,217,223,229,241,252,257,258,269,279,284,285,285,285
American Samoa,3.26,3.37,3.46,3.58,3.71,3.83,3.95,4.06,4.16,4.21,4.48,4.71,4.91,5.15,5.36,5.64,5.89,6.08,6.22,6.34,6.49,6.67,6.83,6.97,7.12,7.19,7.33,7.55,7.76,7.97
Antigua and Barbuda,16.8,17.3,18,19.5,20.2,20.6,17.9,17.9,18.3,19.2,20.3,20.5,20.9,21.1,21.6,21.6,23,30.9,30.9,27.6,26.9,27.2,27.6,26.8,27.1,27.4,27.7,28.7,29.6,31
Australia,2210,2350,2500,2660,2760,2800,2810,2790,2800,2840,2910,3010,3140,3280,3330,3400,3500,3570,3630,3650,3650,3660,3660,3670,3710,3860,4000,4180,4360,4540
Austria,1150,1170,1190,1200,1210,1240,1250,1270,1280,1310,1320,1310,1310,1330,1330,1350,1370,1400,1430,1430,1450,1480,1500,1510,1530,1560,1580,1600,1640,1690
Azerbaijan,188,191,194,198,203,205,205,207,211,219,230,246,262,278,283,294,306,314,325,333,341,352,360,367,374,380,391,400,399,405
Burundi,235,237,239,242,244,248,246,244,242,239,241,239,244,250,256,265,270,276,282,289,301,312,323,334,344,359,371,386,407,423
Belgium,2110,2140,2190,2200,2210,2220,2220,2220,2190,2170,2170,2180,2210,2230,2260,2280,2290,2280,2310,2270,2280,2240,2240,2250,2250,2280,2310,2380,2450,2530
Benin,167,172,176,180,186,193,200,206,214,223,237,248,262,271,281,291,306,313,331,346,361,378,391,407,418,431,443,461,479,501
Burkina Faso,295,304,313,323,332,344,354,367,384,396,422,433,455,477,503,529,550,566,591,612,645,663,691,726,746,777,792,823,852,870
Bangladesh,1700,1670,1690,1720,1750,1780,1800,1820,1800,1820,1850,1850,1950,2060,2150,2240,2350,2430,2490,2600,2720,2720,2750,2930,3180,3310,3550,3910,4170,4430
Bulgaria,737,733,733,728,732,731,738,743,740,744,765,799,836,884,958,1020,1070,1130,1180,1220,1270,1300,1330,1360,1380,1380,1370,1350,1340,1330
Bahrain,8.57,9.17,9.46,9.56,9.91,10.4,10.8,11.2,11.9,11.9,11.4,11.2,13.4,15.2,15.7,16.2,16.7,17.3,17.9,18.5,19,19.6,20.5,21.3,22.9,25.3,27.5,30.1,32.8,36.3
Bahamas,35.4,36.8,37.6,37.9,39.8,40.9,43.4,44.6,46.7,48.6,49.6,53.7,54.9,57.2,57.2,56.6,59.4,61.1,64.3,67,69.5,73,76.5,76.3,79.5,84.1,87.4,90.3,94,99.1
Bosnia and Herzegovina,173,184,184,191,194,200,205,206,213,229,249,264,289,314,320,339,344,364,365,377,387,401,410,422,432,442,444,452,458,464
Belarus,610,659,694,735,750,752,783,823,852,872,835,887,891,887,887,905,925,928,958,982,1020,1020,972,980,997,1010,1020,1030,1030,1040
Belize,11.6,11.8,12.6,13.3,14.6,15.9,17.7,20.4,22.4,24,24.5,24.6,24.5,24.9,26,26.8,27.6,28.1,28.4,29,29.3,30.6,32.4,34,35.5,37.7,38.9,40.7,43.2,45.3
Bermuda,11.2,11.7,11.3,11.7,12.2,12.5,12.8,13.3,13.6,14.2,14.4,15.2,15.6,16,16.1,16.4,16.9,17.6,18.3,19.1,19.8,20.4,21.3,22,23.1,23.6,24.2,25.3,26.4,27.3
Bolivia,336,349,364,378,393,414,434,464,495,518,551,586,610,633,659,695,732,759,801,839,881,929,970,1010,1040,1090,1150,1190,1250,1300
Brazil,8180,8500,8930,9490,9990,10.5k,11.2k,11.8k,12.5k,13.1k,13.7k,14.2k,14.8k,15.4k,16k,16.4k,17k,17.4k,17.9k,18.3k,18.7k,19k,19.3k,19.7k,20.1k,20.6k,21.2k,21.6k,22.4k,23.3k
Barbados,83.9,87.2,93.4,98.1,102,105,107,111,113,111,115,118,123,125,129,122,122,123,123,120,122,122,123,127,132,136,141,147,156,175
Brunei,4.22,4.19,4.23,4.28,4.11,4.14,4.1,4.29,4.6,4.9,5.17,5.32,5.81,6.59,7,7.42,7.71,7.83,8.29,9,9.54,9.9,10.3,10.8,11.1,11.4,11.8,12.3,12.9,13.3
Bhutan,5.14,5.39,5.65,5.95,6.27,6.64,7.04,7.58,8.2,8.78,9.51,10.1,10.8,11.4,11.9,12.4,13,13.7,14.4,15.3,16.1,16.9,17.7,18.6,19.4,20.1,20.9,21.7,22.5,23.2
Botswana,75.4,80.3,86.1,92.5,100,109,118,125,130,134,137,140,141,141,140,139,140,138,138,139,142,146,150,154,158,163,169,177,185,193
Central African Republic,91.6,94.7,96.4,97.6,99.4,101,103,104,106,107,107,109,110,112,113,115,116,118,119,121,124,127,129,131,132,134,137,140,144,148
Canada,4090,4300,4480,4600,4660,4700,4710,4750,4830,4900,5040,5120,5230,5320,5360,5320,5390,5220,5140,5060,5060,5040,5020,5090,5190,5330,5620,5880,6210,6520
Switzerland,1650,1620,1600,1590,1570,1560,1540,1510,1520,1530,1510,1520,1520,1520,1510,1520,1520,1530,1540,1540,1570,1570,1580,1600,1650,1700,1740,1800,1850,1910
Chile,918,973,1030,1090,1160,1250,1360,1390,1440,1490,1550,1600,1660,1730,1790,1840,1890,1950,2010,2110,2220,2290,2360,2420,2460,2510,2570,2670,2780,2890
China,20.4k,21.2k,21.9k,22.7k,23.5k,24.4k,25.4k,26.2k,27k,28k,29.1k,30.2k,30.9k,31.9k,33k,34k,34.5k,35.5k,36.7k,38.2k,39.8k,41k,42.3k,43.3k,45.2k,46.8k,48.5k,50.2k,51.9k,54.4k
Cote d'Ivoire,274,290,306,324,343,363,383,404,427,453,489,516,551,576,604,631,660,680,710,743,778,810,847,889,918,960,973,1010,1060,1100
Cameroon,339,355,371,390,408,426,446,466,491,517,555,584,623,659,700,743,789,809,860,907,954,1000,1040,1090,1130,1180,1210,1260,1320,1380
"Congo, Dem. Rep.",1210,1250,1300,1330,1360,1400,1430,1450,1480,1500,1530,1550,1580,1610,1640,1660,1690,1710,1750,1780,1820,1880,1950,2020,2090,2150,2230,2330,2460,2570
"Congo, Rep.",99.8,101,104,107,110,113,114,116,115,115,115,116,118,122,126,130,136,142,148,155,161,170,179,187,196,205,214,224,237,249
Cook Is,3.43,3.51,3.6,3.68,3.75,3.81,3.87,3.92,3.98,4.05,4.13,4.24,4.3,4.42,4.53,4.69,4.84,4.99,5.03,5.06,5.17,5.32,5.41,5.4,5.54,5.71,5.88,6.07,6.25,6.39
Colombia,1520,1640,1730,1820,1920,2010,2130,2200,2300,2420,2550,2690,3000,2890,2920,2830,2890,2910,3020,3270,3340,3350,3430,3480,3460,3610,3820,4010,4230,4460
Comoros,24.6,25.1,26.4,27.2,28.3,29.2,29.9,30.4,30.5,30.9,31.9,32.5,33.3,33.6,33.7,35,35.5,37.5,38.9,39.4,40.4,41.8,43.3,44.6,46.6,47.8,48.8,50.4,51.5,52.8
Cape Verde,22.1,23.2,24.6,26.7,29.3,32.6,37.6,45.2,48.3,50.1,51.3,52.5,53.5,54.6,55.9,57.3,49.8,48.7,50,51.3,52.4,54.1,56.3,57.8,59.1,60.5,63,68.3,109,107
Costa Rica,147,156,169,178,194,213,223,238,257,280,292,307,312,325,337,335,359,361,380,393,448,452,457,470,478,493,510,526,552,570
Cuba,1480,1550,1640,1710,1760,1790,1810,1860,1910,1970,2020,2080,2110,2200,2290,2370,2400,2490,2590,2680,2770,2760,2870,2950,3040,3130,3230,3330,3370,3400
Cyprus,69.1,75.7,82,85.2,86.2,88.7,91,93.1,94.7,96.9,101,104,108,108,114,122,128,132,136,142,147,149,152,154,159,165,166,164,174,186
Czech Republic,1100,1090,1100,1110,1140,1180,1210,1240,1260,1300,1340,1410,1430,1480,1520,1540,1550,1580,1610,1640,1670,1670,1670,1690,1700,1710,1740,1780,1850,1890
Germany,11.6k,11.8k,12k,12.2k,12.5k,12.8k,12.9k,13k,13.2k,13.5k,14k,14.3k,14.6k,14.7k,15k,15.4k,15.7k,15.9k,16.2k,16.4k,16.5k,16.4k,16.6k,16.9k,17.2k,17.7k,18.2k,18.8k,19.4k,20.1k
Djibouti,12,12.7,13.5,14.3,15,16,17,17.9,19.1,20.2,21.2,22.3,23.8,25.2,27.3,29.1,30.7,32.6,34.7,36.7,38.9,41.3,43.9,46.6,49,51.7,54.6,58.4,62.9,67.5
Dominica,28.7,29.7,30.9,32.2,33.4,34.5,35.5,36.2,36.6,37.5,38.3,38.6,39.6,40.6,41.3,42,42.5,42.9,43.5,44.2,44.7,45.4,46,46.7,47.4,48,48.6,49.1,49.7,50.4
Denmark,1240,1250,1260,1250,1230,1230,1230,1220,1230,1230,1270,1310,1340,1370,1410,1440,1450,1460,1500,1500,1490,1490,1480,1470,1480,1520,1550,1590,1650,1710
Dominican Republic,458,478,501,535,579,647,759,841,913,1040,1130,1210,1290,1360,1400,1460,1440,1390,1380,1410,1440,1500,1580,1640,1660,1720,1710,1690,1680,1690
Algeria,468,498,517,534,546,560,572,583,596,612,629,648,668,691,716,744,771,800,827,855,882,919,958,993,1030,1080,1130,1180,1230,1280
Ecuador,518,563,580,601,625,642,685,710,770,817,845,892,959,1020,1090,1150,1210,1260,1300,1330,1370,1430,1470,1510,1530,1530,1570,1610,1660,1680
Egypt,659,679,699,737,776,797,814,843,871,908,930,986,1040,1130,1160,1150,1140,1150,1190,1230,1270,1330,1370,1390,1450,1540,1610,1660,1740,1810
Eritrea,61.2,62.3,65.5,70.5,77.3,85.8,89,92.4,95,98.3,102,106,112,116,120,124,128,131,135,138,141,146,150,154,159,164,170,176,183,190
Spain,5300,5450,5620,5820,6010,6190,6400,6530,6710,6820,6810,6860,6940,6960,6960,6920,6940,7020,7070,7150,7220,7330,7390,7450,7520,7610,7790,8010,8170,8410
Estonia,127,132,134,140,140,138,135,142,152,154,163,173,182,190,201,207,214,225,230,238,238,245,254,256,270,273,275,276,279,280
Ethiopia,861,881,911,937,957,980,1000,1030,1070,1110,1140,1180,1240,1280,1310,1340,1360,1390,1430,1490,1560,1640,1730,1820,1890,1950,2060,2130,2210,2290
Finland,677,704,735,759,775,797,821,832,848,854,862,881,896,900,910,914,934,931,940,958,982,1010,1030,1060,1080,1130,1160,1200,1250,1290
Fiji,23.2,23.4,23.6,23.6,23.5,23.2,23.1,23,22.6,23.2,23.7,24.3,24.7,26,26.7,28.9,30.8,32.9,33.8,34.2,36.6,38.6,40.7,42.2,43.8,45.2,46.6,48.2,49.3,50.5
France,11.5k,11.6k,11.7k,11.8k,11.8k,11.9k,12k,12.1k,12.2k,12.3k,12.5k,12.6k,12.8k,12.9k,12.9k,12.8k,12.7k,12.7k,12.7k,12.5k,12.4k,12.3k,12.3k,12.3k,12.4k,12.7k,13.2k,13.6k,14k,14.5k
"Micronesia, Fed. Sts.",4.15,4.23,4.29,4.34,4.4,4.39,4.41,4.4,4.39,4.39,4.41,4.46,4.5,4.55,4.6,4.62,4.67,4.72,4.78,4.83,4.85,4.91,4.98,5.06,5.17,5.24,5.37,5.5,5.66,5.82
Gabon,54.2,55.9,58,59.8,61.9,64.6,66.1,67,67.8,68.4,70.2,71.3,72.5,73.8,75.3,77.1,79.4,81.7,84.1,85.5,86.6,89.1,91.3,93.7,96.3,99.8,104,109,113,117
UK,10.5k,10.8k,11k,11.2k,11.3k,11.5k,11.6k,11.6k,11.7k,11.8k,11.8k,12k,12.1k,12.1k,12.2k,12.2k,12.2k,12.4k,12.5k,12.7k,12.9k,13.3k,13.5k,13.7k,14.1k,14.5k,14.7k,15k,15.6k,16k
Georgia,261,263,255,246,237,226,224,227,228,231,239,252,289,321,353,376,402,413,423,439,455,464,472,473,473,486,477,470,466,459
Ghana,897,930,970,1020,1050,1080,1120,1180,1230,1290,1350,1350,1360,1340,1340,1350,1360,1360,1430,1480,1540,1620,1670,1720,1770,1830,1900,1990,2050,2130
Guinea,400,414,432,452,474,495,517,539,563,586,608,623,646,660,679,698,720,730,744,759,772,778,784,787,787,792,789,790,798,800
Gambia,10.6,11.2,11.9,12.3,12.9,14.1,14.3,15.1,16.2,17.7,18.1,18.4,19.7,20.6,22.5,23.7,24.5,25.2,25.7,27,27.7,27.6,28.6,29.9,31.6,32.3,33.9,36,37.2,38.6
Guinea-Bissau,32.2,32.4,32.7,33,33.3,33.7,34.2,34.7,35.4,36.3,37.6,39.2,40.9,42.4,44.4,45.9,47.4,48.9,50.6,52.3,54,56,57.9,59.9,61.7,63.5,65.6,67.7,69.6,71.7
Equatorial Guinea,14.4,14.5,14.5,14.6,14.7,15,15.3,15.5,15.9,16.5,17.1,17.6,18.1,18.8,19.9,21.2,22.6,23.9,25.3,26.8,28.3,30.3,32.3,34.3,35.8,37.5,40,42.4,44.5,46.2
Greece,1490,1560,1620,1690,1750,1810,1860,1920,1980,2030,2080,2120,2170,2170,2190,2220,2230,2220,2220,2190,2210,2230,2270,2310,2370,2410,2470,2550,2620,2680
Grenada,23.8,23.9,24.7,23.8,22.8,22.9,23.5,23.5,24.5,28.6,29.6,29.8,30.1,29.7,29.6,29.3,29.1,29,28.6,28.9,29,28.6,23.8,24.9,26.3,28,31.8,34.3,35.4,36.8
Greenland,1.43,1.47,1.5,1.55,1.6,1.64,1.68,1.72,1.8,1.87,1.96,2.07,2.17,2.25,2.35,2.41,2.49,2.55,2.62,2.7,2.8,2.91,3.01,3.13,3.26,3.36,3.53,3.67,3.8,3.95
Guatemala,217,233,250,275,305,328,349,385,433,476,533,584,622,669,714,758,792,828,855,895,923,952,973,1010,1040,1060,1090,1130,1190,1250
Guam,4.67,4.94,5.26,5.57,5.98,5.62,5.29,5.42,5.61,5.79,6.35,6.75,7.09,7.29,7.68,8.22,8.79,9.35,9.81,10.3,10.3,10.4,10.9,11.2,11.5,11.9,12.3,12.8,13.1,13.5
Guyana,76.5,76.1,77.3,80.4,79.5,80.8,81.3,80.6,82.2,86.2,93.3,94.2,96.2,97.2,97.9,100,101,105,107,108,110,110,114,117,121,119,122,124,126,129
Honduras,133,139,142,148,153,156,163,169,177,184,194,203,213,224,237,249,262,276,297,322,353,401,474,483,490,497,507,517,521,521
Croatia,509,513,514,507,500,492,514,525,526,523,508,524,552,599,618,654,668,693,721,734,757,785,814,820,845,872,870,888,900,914
Haiti,573,590,615,636,654,678,697,723,738,763,791,819,848,877,906,934,968,1000,1040,1070,1080,1090,1130,1160,1190,1220,1260,1300,1340,1380
Hungary,1270,1270,1290,1310,1320,1370,1390,1410,1430,1440,1430,1430,1450,1460,1450,1450,1450,1430,1400,1410,1410,1420,1410,1410,1450,1440,1500,1510,1550,1570
Indonesia,3190,3360,3560,3740,3930,4130,4360,4620,4860,5090,5330,5570,5820,6090,6360,6650,6960,7270,7570,7850,8150,8560,8900,9180,9500,9800,10.2k,10.6k,11k,11.4k
India,10.9k,11.2k,11.4k,11.9k,12.4k,12.7k,13.3k,14.2k,14.6k,14.6k,15.2k,15.9k,16.4k,16.9k,17.1k,18k,18.9k,19.7k,20.6k,20.8k,21.3k,22.4k,23k,24.4k,25.4k,26.6k,27.7k,28.8k,30.7k,32.1k
Ireland,502,514,528,537,545,556,564,572,579,590,600,606,605,607,611,611,611,613,617,619,634,641,645,652,663,682,706,730,761,796
Iran,917,959,1000,1060,1110,1180,1250,1310,1380,1440,1500,1590,1660,1740,1830,1950,2060,2170,2310,2350,2520,2800,2980,3120,3270,3440,3570,3680,3790,3920
Iraq,267,274,287,299,307,318,328,337,346,354,363,375,386,399,406,415,421,439,468,490,527,553,577,611,646,659,675,707,785,861
Iceland,39.2,40.3,41.4,42.1,43,44.2,45.7,46.1,47.1,47.2,47.2,49,50.8,51.2,52.2,53.7,55.3,57,57.5,58.3,58.6,58.9,60,59.2,55,56.9,58.6,59.9,61.6,63.6
Israel,424,441,467,493,520,542,564,580,591,605,608,605,601,610,614,626,630,639,652,653,649,644,637,631,649,665,678,706,735,764
Italy,7080,7280,7480,7690,7890,8140,8440,8660,8840,8970,9100,9300,9440,9560,9570,9660,9810,9960,10k,10.1k,10.2k,10.2k,10.2k,10.2k,10.4k,10.6k,10.8k,11.1k,11.4k,11.7k
Jamaica,283,286,306,334,359,391,432,481,558,597,606,608,613,611,627,650,669,728,842,869,774,827,765,750,761,770,798,809,825,848
Jordan,46.4,48,50.4,53.2,56,58.5,60.5,62.7,65,67.2,68,70.4,73.5,75.6,80.6,88,96.3,105,115,129,144,152,159,164,174,190,204,218,238,257
Japan,5840,6090,6360,6600,6830,7080,7360,7660,8020,8370,8730,9050,9470,9880,10.3k,10.8k,11.1k,11.5k,11.9k,12.2k,12.6k,13.1k,13.5k,13.8k,14.2k,14.5k,14.9k,15.4k,15.9k,16.4k
Kazakhstan,391,377,372,372,370,368,364,362,360,363,372,383,400,414,425,438,447,463,473,482,497,512,525,527,531,544,566,589,601,601
Kenya,532,552,572,589,606,626,643,662,684,704,732,769,817,880,937,1000,1070,1110,1160,1220,1300,1340,1390,1440,1490,1550,1610,1690,1790,1890
Kyrgyz Republic,94.4,98.3,99.4,104,105,102,99.8,101,102,97.5,99.2,96.9,92.1,89.1,87.3,86.6,88.6,92.1,92.6,90.3,91.4,88.9,88.9,92,98.3,106,108,110,111,113
Cambodia,189,194,199,205,211,218,225,233,242,252,263,277,291,308,326,343,362,381,401,419,440,461,481,502,523,546,571,598,630,663
Kiribati,1.8,1.82,1.82,1.81,1.79,1.77,1.76,1.75,1.74,1.73,1.72,1.72,1.71,1.72,1.72,1.72,1.76,1.79,1.86,1.91,1.95,2,2.05,2.09,2.13,2.18,2.28,2.36,2.44,2.52
St. Kitts and Nevis,12.1,12.3,12.5,12.6,12.9,13.2,13.6,14,14.5,14.6,14.5,14.2,14.3,14.4,14.3,14.7,15.1,15.6,15.4,15.2,15.2,15.3,15.5,15.7,15.8,16.1,16.7,17.3,18,20
South Korea,628,650,665,689,718,742,774,817,865,917,965,1020,1090,1160,1240,1330,1410,1510,1610,1710,1800,1890,1990,2060,2140,2230,2320,2460,2560,2710
Kuwait,16.2,16.1,16.4,19.3,22.8,25.6,27.7,33.1,31.8,33.6,36.6,38,42.8,45.3,49.3,52.1,58.2,61,67.3,68.6,65,67,71.5,76.3,79.3,81.6,89.3,94.6,100,106
Lao,85.5,88.7,92.1,95.6,99.3,103,106,109,112,115,117,120,122,125,128,131,134,138,142,146,150,154,159,164,170,176,183,191,200,209
Lebanon,182,189,196,202,206,212,221,234,249,270,292,316,340,365,388,410,435,455,470,486,501,516,532,544,553,560,568,576,583,588
Liberia,97,101,103,106,107,108,110,110,113,116,123,127,134,138,143,147,154,158,165,170,175,180,186,191,190,195,197,201,209,216
Libya,72.9,74.6,76.5,78.7,81,83.2,85.4,90.2,95,98.5,102,107,112,115,113,114,118,126,134,139,145,153,157,162,170,176,181,189,198,208
St. Lucia,24,25,26.4,27.8,28.7,29.9,31.5,33,33.5,34.9,36.5,39.1,40.6,40.9,41.6,41.3,42.2,43.3,44.2,45.1,45,46.3,48.8,51.8,54.4,56.1,61.1,63.4,65.5,67.2
Sri Lanka,321,312,312,307,316,328,339,359,363,372,379,383,391,407,414,425,447,456,472,479,502,523,544,552,571,578,598,617,626,656
Lesotho,111,114,119,124,131,138,145,154,160,164,166,168,170,169,171,171,172,171,170,170,172,173,174,176,178,179,180,181,184,187
Lithuania,273,282,286,300,305,309,313,320,335,354,375,408,435,468,500,537,579,606,597,577,583,573,572,572,566,569,572,547,552,551
Luxembourg,62.4,63.6,63.4,63.5,62.7,62.3,61.9,62.2,62.9,63.3,64,62.9,62.5,62.2,63.8,65,65.3,67,67.3,68,67.9,68.6,70,71,72,71.9,73.3,77.5,81,84.7
Latvia,218,218,220,228,232,226,215,217,227,235,247,270,289,305,323,347,367,377,380,379,383,388,395,400,406,405,395,395,397,398
Morocco,389,406,441,459,473,492,500,518,551,590,566,554,570,610,619,634,653,674,696,721,744,770,814,1030,1040,1050,1070,1110,1150,1180
Monaco,8.3,8.45,8.57,8.7,8.85,9.02,9.22,9.45,9.66,9.88,10.1,10.3,10.5,10.7,10.8,11,11.1,11.2,11.4,11.5,11.5,11.6,11.6,11.7,11.7,11.8,11.8,11.8,11.8,11.9
Moldova,166,162,159,156,161,157,151,146,144,145,147,149,156,164,173,186,191,204,216,231,247,246,262,270,290,311,310,308,306,307
Madagascar,494,493,491,499,495,546,545,543,544,542,539,539,535,526,528,532,535,535,548,559,570,584,600,615,632,652,677,707,745,778
Maldives,2.52,2.66,2.8,2.93,3.07,3.24,3.45,3.64,3.85,3.98,4.25,4.57,4.88,5.12,5.32,5.55,5.83,6.13,6.45,6.72,7,7.33,7.62,7.93,8.23,8.49,8.88,9.27,9.73,10.2
Mexico,3170,3300,3430,3600,3800,4000,4180,4340,4510,4660,4810,4970,5210,5430,5550,5770,5900,6060,6410,6740,6860,7010,7250,7550,7750,7970,8190,8520,8830,9260
Marshall Islands,1.66,1.68,1.69,1.65,1.39,1.43,1.47,1.52,1.56,1.59,1.64,1.69,1.73,1.78,1.81,1.85,1.88,1.92,1.96,2,2.06,2.12,2.2,2.28,2.36,2.46,2.57,2.68,2.8,2.92
North Macedonia,114,114,120,123,126,131,136,141,148,155,161,169,177,181,187,195,204,212,217,227,235,240,248,257,266,275,282,285,284,288
Mali,164,170,177,185,193,201,206,211,218,224,234,241,252,261,273,283,295,306,317,329,338,346,355,365,374,390,407,425,439,451
Malta,31.3,31.8,32.2,33.4,32.9,34,35,35.7,36.7,37.5,38.5,40,40.6,41.2,42.2,43.2,43.1,43.6,44.5,45.6,46.8,47.6,48.3,49.3,49.6,47.4,49.6,51.5,53.8,56.5
Myanmar,905,933,961,991,1020,1060,1090,1120,1150,1190,1230,1270,1320,1360,1420,1470,1520,1560,1600,1650,1690,1740,1780,1830,1890,1940,1990,2050,2110,2180
Montenegro,50.2,49.8,50.5,52.4,53.9,55.4,57,59.9,61,61.7,62.7,64.6,67.5,71.4,75.5,79.1,81.2,83.5,85.2,86.8,88.3,91.1,93.3,95.9,98.2,101,103,104,104,105
Mongolia,27.9,28.5,28.6,28.6,28.9,29.2,29.8,29.6,29.8,29.7,29.8,30.4,30.4,30.6,30.2,30.5,31,31.3,32.5,33.7,34.9,36.5,37.5,38.8,39.8,41.4,45,47.3,49.7,52.5
Northern Mariana Islands,0.98,1.04,1.09,1.12,1.16,1.21,1.27,1.35,1.43,1.42,1.57,1.7,1.85,2,2.17,2.41,2.53,2.65,2.75,2.85,2.99,3.11,3.19,3.26,3.38,3.63,3.83,4.02,4.12,4.23
Mozambique,185,189,193,199,204,209,215,222,230,236,243,246,253,257,263,269,277,283,293,303,314,327,338,348,355,362,369,379,392,403
Mauritania,77.5,79.3,81.7,85.6,86.3,87.2,90.3,93.7,99.3,102,107,115,122,129,138,145,155,160,167,177,182,191,201,210,212,219,224,235,246,255
Mauritius,28.3,31.2,33.4,36.5,39.2,40.2,43.6,46.5,49.2,52.3,52.2,56.3,60,59.4,61.4,62,61.4,63.4,67.1,70.5,73.9,73.7,74.7,78,80.7,82.1,84.6,88.8,92.8,96.5
Malawi,198,204,209,212,216,219,222,228,235,241,249,254,262,270,279,286,290,294,299,309,323,337,346,355,364,375,386,399,415,431
Malaysia,335,344,356,373,413,445,450,442,417,444,452,484,504,516,519,537,566,593,628,660,672,707,752,783,844,898,966,1020,1080,1150
Namibia,67.9,70.6,73.7,76.3,79.4,82.1,85.1,88,91.5,95.1,99.8,103,107,116,121,125,126,128,133,142,150,156,161,167,173,177,181,185,189,193
Niger,155,160,166,174,181,189,196,207,221,235,253,270,291,313,329,348,366,382,404,423,444,462,488,519,540,572,598,632,670,693
Nigeria,6000,6210,6450,6700,6920,7110,7280,7480,7720,7980,8300,8530,8980,9350,9810,10.3k,10.8k,11.1k,11.6k,12k,12.5k,13k,13.5k,13.9k,14.1k,14.3k,14.5k,14.7k,15.1k,15.4k
Nicaragua,133,147,154,164,178,192,207,215,225,238,250,262,276,294,307,327,334,345,356,366,373,386,398,402,400,409,418,440,465,480
Niue,0.24,0.24,0.23,0.23,0.23,0.23,0.23,0.23,0.24,0.24,0.24,0.25,0.25,0.25,0.25,0.26,0.26,0.26,0.26,0.27,0.27,0.27,0.27,0.27,0.27,0.27,0.27,0.27,0.27,0.27
Netherlands,2290,2380,2470,2540,2590,2610,2680,2710,2750,2760,2740,2830,2900,2980,2900,2870,2920,2940,2960,3010,3040,3140,3240,3320,3420,3530,3660,3810,3950,4110
Norway,1070,1090,1120,1150,1160,1170,1200,1210,1210,1220,1210,1210,1210,1220,1230,1220,1240,1250,1250,1240,1240,1250,1250,1240,1270,1270,1290,1290,1330,1370
Nepal,216,221,225,231,237,245,253,264,274,286,301,316,333,350,366,382,398,413,429,447,465,491,516,545,579,611,641,673,705,738
Nauru,0.29,0.29,0.29,0.3,0.3,0.3,0.3,0.3,0.31,0.31,0.31,0.31,0.31,0.31,0.3,0.3,0.29,0.29,0.28,0.28,0.27,0.26,0.26,0.26,0.26,0.26,0.26,0.26,0.26,0.26
New Zealand,485,501,519,538,556,560,570,578,586,598,619,629,632,619,619,613,626,638,650,651,656,670,686,697,718,745,764,788,835,869
Oman,20.6,21.8,22.9,24,25.4,26.8,28.1,29.2,30.3,31.4,32.6,33.4,34.3,35.1,35.5,36.9,38.8,40.9,43.5,46.3,46.4,47.9,50.2,52.8,52.9,54.6,56.9,56.7,54.3,54.1
Pakistan,2840,2870,2890,2900,2920,2960,2980,3050,3120,3210,3320,3350,3370,3390,3420,3470,3510,3550,3610,3680,3760,3830,3930,4060,4170,4290,4410,4560,4750,4920
Panama,133,140,150,167,179,198,208,224,245,268,275,290,305,322,320,331,341,341,353,360,368,373,394,401,411,424,435,457,469,489
Peru,1070,1030,1090,1140,1170,1230,1270,1350,1440,1530,1620,1670,1740,1810,1870,1920,2020,2080,2180,2400,2530,2620,2690,2740,2780,2850,2940,3050,3170,3290
Philippines,1780,1850,1950,2050,2150,2230,2330,2400,2410,2330,2330,2360,2400,2420,2470,2560,2650,2730,2850,2950,3060,3180,3330,3480,3610,3760,3870,3970,4090,4250
Palau,1.22,1.24,1.27,1.3,1.35,1.4,1.43,1.47,1.51,1.56,1.6,1.62,1.64,1.66,1.67,1.67,1.68,1.69,1.72,1.74,1.77,1.78,1.79,1.82,1.88,1.94,1.98,2.03,2.1,2.19
Papua New Guinea,97,102,107,111,116,121,127,132,138,144,150,156,163,170,177,184,190,197,204,212,222,236,245,253,263,275,283,296,312,325
Poland,2860,2970,3020,3080,3210,3380,3490,3670,3850,4090,4210,4370,4490,4580,4730,4820,4940,5060,5130,5220,5280,5390,5540,5660,5770,6020,6160,6270,6410,6540
Puerto Rico,513,542,579,604,616,644,665,664,681,660,659,674,672,676,692,699,701,715,722,745,738,758,756,763,766,770,796,831,860,888
North Korea,319,333,348,363,379,388,395,405,414,426,437,449,461,479,503,527,556,585,613,640,664,688,712,732,750,765,786,810,833,853
Portugal,1570,1630,1690,1750,1820,1890,1980,2040,2090,2140,2160,2150,2170,2170,2190,2200,2220,2220,2240,2250,2270,2280,2310,2320,2340,2400,2460,2530,2590,2680
Paraguay,153,158,171,179,191,209,236,254,276,296,311,327,341,362,382,391,398,404,413,429,439,443,454,463,463,481,508,524,541,564
Palestine,57.7,57.9,58.3,58.9,59.7,60.8,62.6,64.4,66.4,67.9,69.9,73.6,77,78.2,80,82.5,85.6,84.9,81.8,83.7,88.8,93.3,94.8,97.5,104,108,108,112,117,122
French Polynesia,,,,,,,,,,,,,22,,,,,,,,,,,,,,,,,
Qatar,3.53,3.82,4.06,4.22,4.09,4.21,5.13,5.82,6.21,6.4,6.49,6.83,7.44,7.96,8.09,8.68,9.81,11.4,12.5,13.3,13.9,15.1,16.3,17.4,19.4,21.9,24.2,26.3,28.3,31.7
Romania,1310,1350,1410,1440,1470,1550,1650,1680,1680,1670,1710,1790,1850,1890,1920,1950,1990,2030,2110,2180,2260,2280,2380,2390,2510,2540,2590,2610,2620,2630
Russia,5450,5600,5930,6410,6720,6730,6820,6930,7160,7620,7970,8270,8650,8930,9090,9510,9520,9740,10.2k,10.4k,10.9k,11k,11.4k,11.8k,12.3k,12.6k,12.8k,12.8k,12.7k,12.9k
Rwanda,286,299,297,279,267,268,283,291,285,266,253,247,253,259,267,273,279,290,302,315,331,350,371,393,412,433,455,479,509,538
Saudi Arabia,226,241,256,271,287,302,315,326,335,343,349,351,349,347,344,338,339,342,346,351,356,362,370,381,395,407,422,438,457,480
Serbia and Montenegro,,,,,,,,,,,,,702,,,,,,,,,,,,,,,,,
Sudan,344,365,384,401,418,433,447,460,472,482,496,509,526,539,554,569,585,601,619,636,654,673,690,709,727,745,769,798,832,867
Senegal,276,285,292,300,311,315,321,336,353,371,394,461,491,496,534,563,591,613,644,684,684,723,746,780,819,856,892,913,931,973
Singapore,66.7,69.5,71,75.3,83.1,88.5,92.9,98.6,103,104,108,109,110,110,115,119,123,130,139,145,152,160,169,180,191,200,212,221,237,251
Solomon Islands,10.6,11,11.3,11.7,12.1,12.5,13,13.5,14.1,14.6,15.3,15.9,16.4,16.8,17.3,17.7,18.2,18.6,18.5,19.2,19.6,20.4,21,21.6,22.2,22.6,23,23.4,24,24.6
Sierra Leone,161,161,163,164,165,167,170,173,177,180,189,196,206,216,224,234,243,249,256,263,275,286,297,308,313,333,341,356,372,384
El Salvador,171,181,196,212,229,253,263,295,345,339,354,355,356,382,406,425,437,438,435,451,433,442,426,434,467,479,499,511,527,556
San Marino,3.93,4.1,4.27,4.46,4.65,4.81,4.95,5.13,5.29,5.46,5.68,5.83,5.96,6.14,6.35,6.51,6.69,6.83,6.98,7.13,7.28,7.43,7.61,7.8,7.99,8.2,8.39,8.57,8.74,8.92
Somalia,195,197,199,201,205,210,216,222,229,236,242,247,255,262,271,278,286,297,308,319,330,340,351,363,377,391,403,418,434,447
Serbia,698,706,727,742,767,798,828,853,840,863,920,965,1040,1100,1170,1250,1300,1340,1380,1370,1360,1360,1390,1460,1460,1460,1430,1450,1480,1500
South Sudan,259,264,268,272,276,280,284,285,288,291,294,292,294,297,301,304,308,312,315,319,324,328,333,336,340,344,348,355,364,374
Sao Tome and Principe,3.87,4,4.14,4.22,4.34,4.52,4.69,4.86,5.07,5.21,5.34,5.47,5.61,5.71,5.84,5.9,6.08,6.21,6.36,6.57,6.83,7.03,7.19,7.4,7.68,7.86,8.04,8.23,8.41,8.58
Suriname,33.5,35.4,36.5,37.6,36.8,35.3,36.6,38.9,42.5,45.4,49.2,53,55.4,57.1,58.6,60.2,60.8,62.5,65.2,66.7,69,70.8,73.1,80.6,85.1,86.3,88.5,92.3,94.5,96.6
Slovak Republic,398,401,407,409,414,431,440,457,472,477,481,479,479,477,476,495,501,519,541,562,582,602,623,639,656,672,667,679,684,694
Slovenia,197,197,197,197,208,222,233,248,261,271,281,297,305,317,323,330,352,366,380,393,407,413,427,435,435,461,474,492,508,523
Sweden,2300,2350,2410,2460,2500,2570,2650,2720,2780,2810,2830,2820,2810,2840,2810,2820,2790,2750,2720,2710,2700,2670,2670,2660,2680,2720,2790,2870,2930,3030
Eswatini,34,35.1,36,36.8,38.5,41,44.4,46.3,48.9,51,53.5,55.9,57.5,58.9,60.3,61.1,61.9,62.9,64,64.8,65.2,65.5,66.4,66.9,67.4,68.4,69.5,70.7,72.4,74.1
Seychelles,8.42,8.76,9.19,9.69,10.4,11,11.6,12,12.3,12.5,12.5,12.9,13.7,14.6,15,15.9,16.3,16.4,16.7,17.1,16.9,16.9,17.7,18,18.1,18.7,19.2,20.1,20.8,21.5
Syria,195,200,209,211,216,223,229,237,246,252,260,256,261,261,268,277,289,304,325,341,365,378,389,401,404,400,408,423,437,452
Chad,191,197,205,212,220,228,240,251,262,274,288,303,320,335,353,367,384,400,421,445,464,484,503,521,542,559,577,597,619,639
Togo,83.6,87.2,90.8,94.6,98.9,104,108,113,117,122,130,136,144,151,158,166,173,180,190,200,211,219,226,233,244,259,271,285,296,312
Thailand,1130,1190,1250,1300,1350,1400,1460,1440,1580,1720,1750,1690,1750,1810,1870,1940,2000,2070,2160,2250,2350,2440,2520,2620,2760,2940,3110,3270,3420,3570
Tajikistan,81.4,83.4,87.1,90.6,90.5,85.7,88.3,90.3,91,92.2,92.6,95.3,97.5,99.8,103,108,109,112,115,117,121,124,125,127,129,132,135,136,135,136
Tokelau,0.13,0.13,0.13,0.13,0.13,0.13,0.13,0.13,0.13,0.13,0.13,0.13,0.13,0.13,0.13,0.13,0.12,0.12,0.12,0.12,0.12,0.12,0.12,0.12,0.12,0.12,0.12,0.13,0.13,0.13
Turkmenistan,47.6,47.5,47,49.1,50.5,51,51.6,51.7,52.4,52.4,53.3,54.1,56,59.2,63,66.2,68.3,69.7,69.9,69.5,72,75.5,79,84,88.1,91,94.2,97.1,101,104
Timor-Leste,8.03,8.36,8.82,9.33,9.8,10.3,10.8,11.4,12.4,13.3,14.2,15.3,16.4,17.6,18.9,20.3,22,23.8,25.8,28,30.4,33,35.3,37.2,38.6,40.8,42.3,44,45.5,46.7
Tonga,6.21,6.38,6.7,6.99,7.26,7.38,7.65,8,8.5,8.98,9.12,9.09,9.28,9.53,9.47,8.69,8.94,9.19,9.42,9.61,9.78,9.96,10.1,10.2,10.3,10.4,10.5,10.6,10.6,10.7
Trinidad and Tobago,179,187,201,214,231,237,251,252,258,267,262,271,279,285,283,290,287,298,307,305,309,312,313,326,338,351,365,377,390,405
Tunisia,168,180,188,198,205,217,226,235,245,253,262,272,281,293,302,311,320,329,339,350,363,374,386,398,410,422,433,445,454,463
Turkey,2100,2110,2160,2240,2300,2420,2560,2830,3000,2920,2960,3520,4130,4290,4460,4500,4450,4240,4190,4300,4520,4680,4690,4740,4810,4780,4800,4910,5010,5190
Tuvalu,0.54,0.56,0.58,0.6,0.62,0.64,0.65,0.67,0.69,0.71,0.72,0.74,0.75,0.75,0.76,0.77,0.78,0.81,0.83,0.85,0.87,0.89,0.9,0.92,0.94,0.95,0.97,0.99,1.02,1.04
Taiwan,498,526,558,591,637,678,725,769,804,839,896,950,1010,1030,1100,1160,1220,1280,1350,1420,1500,1600,1650,1700,1770,1810,1870,1890,1910,1960
Tanzania,1230,1260,1300,1340,1370,1390,1430,1480,1520,1560,1580,1580,1610,1660,1700,1750,1810,1870,1930,1980,2030,2100,2190,2260,2300,2360,2440,2550,2660,2750
Uganda,1020,1050,1090,1130,1150,1190,1230,1260,1290,1320,1360,1400,1440,1490,1550,1600,1670,1710,1740,1780,1830,1880,1950,2010,2070,2110,2170,2240,2360,2450
Ukraine,3680,3810,3910,3960,4030,4140,4140,4150,4130,4270,4400,4390,4410,4320,4270,4130,4010,4060,4080,3990,4050,4130,4280,4380,4360,4860,4860,4890,4960,4950
Uruguay,552,536,581,610,642,670,698,711,733,745,759,782,791,823,833,830,837,837,838,834,834,833,821,808,807,803,804,813,828,843
USA,36.2k,36.9k,37.6k,38.4k,38.8k,39.1k,38.9k,38.5k,38.4k,38.3k,38.1k,37.7k,37.6k,37.4k,37.1k,37.2k,37.2k,37.4k,37.6k,37.7k,38.1k,38.5k,39k,39.9k,41.1k,42.2k,43.5k,44.8k,46.8k,48.3k
Uzbekistan,241,242,245,251,256,260,263,265,269,278,293,301,311,318,321,327,327,330,333,334,339,348,353,352,356,361,373,384,397,411
St. Vincent and the Grenadines,17.4,18.7,19.9,21,21.7,22.5,24.6,25.3,26.1,27.4,28.1,27.9,28.4,28.5,28,27.5,28.4,29.1,31.4,33,34.8,36.1,37,39.4,40.9,43,43.7,45.2,46.6,47.9
Venezuela,915,992,1090,1250,1410,1450,1430,1460,1540,1600,1720,1890,2080,2200,2200,2360,2600,2760,2900,2950,2740,2790,2950,2960,2920,3030,3290,3490,3670,4090
Virgin Islands (U.S.),19.5,20.1,21,22.1,23.1,23.4,24.5,25.6,26.7,28.4,29.7,30.9,31.8,32.6,33.7,34.9,37,48.3,49.5,50.5,52,53.5,55.1,56.5,57.9,59.3,60.5,62,63.4,64.7
Vietnam,1100,1130,1160,1200,1230,1280,1340,1390,1450,1500,1550,1600,1650,1720,1800,1870,1950,2040,2120,2200,2260,2330,2400,2470,2550,2610,2680,2750,2830,2910
Vanuatu,5.71,5.91,6.09,6.26,6.47,6.59,6.79,6.97,7.17,7.43,7.61,7.95,8.07,8.2,8.53,9.06,9.55,10.1,10.6,11.1,11.6,12.2,12.8,13.4,14.1,14.7,15.4,16.1,16.8,17.6
Samoa,5.54,5.67,5.69,5.74,5.74,5.74,5.73,5.7,5.7,5.76,5.84,5.92,6.02,6.17,6.31,6.46,6.61,6.75,6.89,6.99,7.07,7.18,7.31,7.38,7.51,7.67,7.8,7.92,8.03,8.12
Yemen,134,140,146,153,160,168,176,185,194,205,218,231,247,260,276,293,311,329,349,365,380,399,416,435,451,470,488,506,524,538
South Africa,2340,2470,2580,2660,2820,3030,3260,3490,3560,3520,3610,3640,3680,3740,3750,3830,3990,4090,4230,4380,4550,4670,4800,4950,5150,5320,5410,5540,5490,5560
Zambia,347,355,361,367,374,382,394,406,417,428,440,446,456,465,473,480,490,497,507,518,536,551,562,572,585,599,615,645,675,702
Zimbabwe,636,666,698,720,752,796,851,907,953,1000,1060,1070,1100,1110,1130,1120,1110,1100,1100,1080,1070,1060,1060,1060,1070,1100,1120,1150,1180,1210
